{
   "bias" : 2.0000046175742767,
   "coeffs" : {
      "rows" : 2,
      "values" : [ 2.9999988104841981, -1.9999969111815126 ]
   },
   "std_dev" : 9.2859076215020772e-05
}
